{"(40.709925, -74.011422)": 1, "(40.708367, -74.011217)": 360, "(40.707196, -74.013331)": 14, "(40.706773, -74.010123)": 120, "(40.708359, -74.008288)": 1, "(40.706968, -74.004780)": 105}